Question,Difficulty,Generation,Hit Rank,Answer Correct (Judge),Latency,Gold Accuracy (Human Review),Generated Answer
What is the current policy regarding the handling of URLs with unescaped '@' characters in the username or password fields?,easy,synthetic,1,NO,10.23s,,Allow URLs where username or password contains unescaped '@'. (See #2986)
What new features or enhancements were added to support HTTP multipart uploads in this version of the library?,easy,synthetic,1,NO,5.92s,,"According to the provided context, the following new features or enhancements were added to support HTTP multipart uploads in this version of the library:

 * Allow setting an explicit multipart boundary in `Content-Type` header. (#2278)
 * Allow `tuple` or `list` for multipart values, not just `list`. (#2355)
 * Allow `str` content for multipart upload files. (#2400)
 * Support for streaming multipart uploads is indicated by `isinstance(request.stream, typing.Iterable)` and `isinstance(request.stream, typing.AsyncIterable)` in test code (but the exact details of these features are not specified within these assertions).

These changes are mentioned in the ""Added"" section of the changelog."
How can I determine the HTTP version used in the response from a GET request made using the httpx library?,easy,synthetic,Miss,NO,4.42s,,"You can determine the HTTP version used in the response from a GET request made using the httpx library by examining the `.http_version` property on the response. 

Here's an example:

```python
response = httpx.get(""https://www.example.org"")
print(response.http_version)
```

This will print the HTTP version used in the response as a string, which can be ""HTTP/1.0"", ""HTTP/1.1"", or ""HTTP/2""."
How can I use a SOCKS5 proxy in my Python application to make HTTP requests?,easy,synthetic,2,NO,4.83s,,"You can use the `httpx` library to make HTTP requests via a SOCKS5 proxy. First, you need to install the `httpx[socks]` package using `pip`:

```
$ pip install httpx[socks]
```

Then, you can configure a client to make requests via a SOCKS5 proxy using the following code:

```python
httpx.Client(proxy='socks5://user:pass@host:port')
```

Replace `user`, `pass`, `host`, and `port` with your actual SOCKS5 proxy credentials and address."
"When using the `-v/--verbose` flag, what additional information will be displayed by the command-line client?",easy,synthetic,1,NO,4.68s,,"When using the `-v/--verbose` flag, the command-line client will now display two additional information:

* Connection information
* Server certificate information"
"What design changes were made in the 0.20.0 release, specifically regarding how the client handles redirect responses?",easy,synthetic,1,YES,4.49s,,"The 0.20.0 release includes two design changes regarding how the client handles redirect responses:

1. Redirect responses are no longer automatically followed, unless specifically requested. This means that the client will not issue secondary requests due to misconfigured URLs.
2. The `allow_redirects` flag is now replaced by `follow_redirects`, which defaults to `False`. This allows the developer to explicitly control whether the client follows redirects or not, through a more explicit approach."
How can I configure a client instance to automatically follow redirects in my HTTP requests?,easy,synthetic,Miss,NO,4.74s,,"You can enable auto-follow redirects by instantiating a client with `follow_redirects=True`, like so:

```python
client = httpx.Client(follow_redirects=True)
```

Alternatively, you can enable it on a per-request basis by using the `follow_redirects=True` argument:

```python
response = client.get(url, follow_redirects=True)
```"
How do I add support for allowing or disallowing redirects when using the Client class in this library?,easy,synthetic,1,NO,5.48s,,"Based on the provided context, there is no explicit information on how to add support for allowing or disallowing redirects when using the `Client` class. However, since the file [CODE - tests\client\test_headers.py] has an example with `client._redirect_headers(request, url, ""GET"")`, it is likely that the `Client` class has a method or property related to redirects.

After searching through the provided code, I found a note that may be related to redirects:

```python
# From httpx\_exceptions.py (class TooManyRedirects(RequestError))

# (No code directly about redirects here)
```

However, I found a mention of redirects in the test file:

```python
# From [CODE - tests\client\test_headers.py]

# Example usage:
client = httpx.Client()
headers = client._redirect_headers(request, url, ""GET"")
```

Since there is no clear information in the provided context on how to control redirection behavior, and the code snippets only show how to work with redirects internally by the library, it seems like this feature might not be exposed to the developers of this library.

To answer your question, the best I can provide is: The provided context does not contain clear instructions on how to control redirects directly. However, there might be some configuration or parameter inside the library that could be used for controlling redirects, but it's not clear from the given context.

It seems like you might need to look at the library code or its documentation to figure out if it's possible to control redirects in the Client class."
What changes were made to the library's dependencies in Pull #1605?,easy,synthetic,1,NO,5.29s,,The answer is not provided in the context.
What is the correct way to access the elapsed time of a request/response cycle when the response has not yet been read or closed?,easy,synthetic,1,NO,5.50s,,"Based on the provided context, the correct way to access the elapsed time of a request/response cycle when the response has not yet been read or closed is to do nothing.

According to the code in [httpx_models.py](CODE - httpx_models.py), attempting to access `.elapsed` when the response has not been read or closed will raise a `RuntimeError`.

```python
if not hasattr(self, ""_elapsed""):
    raise RuntimeError(
        ""'.elapsed' may only be accessed after the response ""
        ""has been read or closed.""
    )
```"
"What parameters are available for use in an OPTIONS request to the given URL, given that the function does not accept a request body?",easy,synthetic,2,NO,5.06s,,"Based on the provided context, the parameters that are available for use in an OPTIONS request to the given URL are:

- url
- params (note: HTTPX does not support a list of tuples for query parameters, instead, use a dictionary with lists as values)
- headers
- cookies
- auth
- proxy
- follow_redirects
- verify
- timeout
- trust_env

Please refer to the documentation for compatibility for more information on how HTTPX handles query parameters and form data."
What are the default values for the `follow_redirects` and `verify` parameters in the `head` function?,easy,synthetic,Miss,NO,5.61s,,The default values cannot be determined from the given context. The given code does not specify the default values of the `follow_redirects` and `verify` parameters. The documentation of `httpx.request` is also not provided in the given context.
What parameters are not available on the `request` function when making a `HEAD` request?,easy,synthetic,1,YES,4.28s,,"The `data`, `files`, `json`, and `content` parameters are not available on the `request` function when making a `HEAD` request."
What is the correct way to test a redirect response with a status code of 302 using the httpx library in Python?,easy,synthetic,1,NO,5.07s,,"To test a redirect response with a status code of 302 using the `httpx` library in Python, you should assert that the `.is_redirect` property of the response is `True` and that the redirect location is correct.

In the provided context, the correct way to test the redirect response with a status code of 302 is shown in the first code snippet:

[CODE - tests\client\test_redirects.py]
```python
response = client.post(""https://example.org/redirect_302"", follow_redirects=True)
assert response.is_redirect  # Should be True
assert response.history[0].status_code == 302  # or assert response.status_code in (301, 302, 303, 307, 308)
assert response.history[0].headers.get(""location"") == ""https://example.org/""
assert response.url == ""https://example.org/""  # Should be the final redirect target
```

However, according to the documentation, it seems that the `.is_redirect` property now returns `True` for all 3xx responses. In this case, you should assert that the response status code is indeed 302, as shown above. 

Alternatively, you can use the `.has_redirect_location` property if you want to check if the redirect has a properly formed URL:
```python
assert response.has_redirect_location == True
```"
What are the default values for the `verify` parameter in the `post` function if it is not explicitly provided?,easy,synthetic,Miss,NO,4.23s,,"Based on the provided context, there is no information about the `post` function, the `verify` parameter, or its default values. The provided code snippet only includes `assert` statements for HTTP responses, suggesting that the code is for testing a REST API client, but it does not provide any specific details about function arguments or their default values."
What is the default value for the `verify` parameter in the `put` function?,easy,synthetic,Miss,NO,5.35s,,"The documentation does not mention the default value for the `verify` parameter in the `put` function.

However, from the [DOC - CHANGELOG.md]:

## 0.28.1 (6th December, 2024)

* Fix SSL case where `verify=False` together with client side certificates.

This suggests that the default value for the `verify` parameter might be `True`, but it is not explicitly stated."
What are all the available parameters that can be passed to the `request` function in this code snippet?,easy,synthetic,Miss,NO,5.48s,,"The available parameters that can be passed to the `request` function in this code snippet are:

1. `method` - HTTP method for the new `Request` object: `GET`, `OPTIONS`, `HEAD`, `POST`, `PUT`, `PATCH`, or `DELETE`.
2. `url` - URL for the new `Request` object.
3. `params` - (optional) Query parameters to include in the URL, as a string, dictionary, or sequence of two-tuples.
4. `content` - (optional) Binary content to include in the body of the request, as bytes or a byte iterator.
5. `data` - (optional) Form data to include in the body of the request, as a dictionary.
6. `files` - (optional) A dictionary of upload files to include in the body of the request.
7. `json` - (optional) A JSON serializable object to include in the body of the request.
8. `headers` - (optional) Dictionary of HTTP headers to include in the request.
9. `cookies` - (optional) Dictionary of Cookie items to include in the request.
10. `auth` - (optional) An authentication class to use when sending the request.
11. `proxy` - (optional) A proxy URL where all the traffic should be routed.
12. `timeout` - (optional) The timeout configuration to use when sending the request.
13. `follow_redirects` - (optional) Enables or disables HTTP redirects.
14. `verify` - (optional) Either `True` to use an SSL context with the default CA bundle, `False` to disable verification, or an instance of `ssl.SSLContext` to use a custom context.
15. `trust_env` - (optional) Enables or disables usage of environment variables for configuration.
16. `extensions` - (optional)

Note that the `request` function is defined to accept the same parameters as the `httpx.request` function, as specified in the `docs/compatibility.md` file."
What is the default behavior for the `follow_redirects` parameter in the `patch` function?,easy,synthetic,Miss,NO,4.73s,,"The provided context does not contain information about the `patch` function. It appears to describe a change in the HTTPX client's behavior concerning following redirects by default and how this is handled in `httpx_client.py`. However, there is no mention of a `patch` function."
How do I set a global timeout for all requests?,medium,human,2,NO,4.92s,,"Unfortunately, the provided context does not explicitly answer how to set a global timeout for all requests. 

However, based on the provided code, it appears that this is achieved through the creation of an `httpx.Client` instance with a `timeout` parameter. 

Here are the relevant snippets from the context:

```python
[DOC - docs\advanced\timeouts.md]
## Setting a default timeout on a client

You can set a timeout on a client instance, which results in the given
`timeout` being used as the default for requests made with this client:

```python
client = httpx.Client()              # Use a default 5s timeout everywhere.
client = httpx.Client(timeout=10.0)  # Use a default 10s timeout everywhere.
client = httpx.Client(timeout=None)  # Disable all timeouts by default.
```

Therefore, to set a global timeout for all requests, you would need to create an `httpx.Client` instance with the desired timeout in your application code. 

Here's an example:

```python
client = httpx.Client(timeout=10.0)  # Use a default 10s timeout everywhere.
```"
What happens if I stream a response but forget to close it?,medium,human,2,NO,5.09s,,"Unfortunately, there is no direct code or information in the provided context that shows the effect of forgetting to close a streaming response. However, based on the information given, we can make some inferences.

The `close` method is called automatically if the response body is read to completion. However, if you forget to close it, it's likely that the stream will remain open, but the `read` method will fail because the stream has already been closed (in this case, implicitly when reading to completion).

The provided example code in `tests\models\test_responses.py` tests this behavior. When `response.close()` is called before reading (in the case of the test `test_cannot_read_after_response_closed`), a `httpx.StreamClosed` exception is raised when trying to read the response. If the stream is closed implicitly because you've read the entire response stream, trying to read it again would fail for similar reasons, but the question of why it fails due to a missing manual `response.close()` isn't explicitly answered."
How do I use an HTTP proxy with HTTPX?,medium,human,Miss,NO,5.53s,,"You can set the HTTP proxy using the `proxy` parameter when initializing the `httpx.Client` or by using environment variables (`HTTP_PROXY`, `HTTPS_PROXY`, `ALL_PROXY`) as shown below.

```markdown
export HTTP_PROXY=http://my-external-proxy.com:1234

# Using environment variable
import httpx
httpx.get('http://example.com')

# Or using the proxy parameter
import httpx
client = httpx.Client(proxies={""http"": ""http://my-external-proxy.com:1234""})
client.get('http://example.com')
```

Note that you can also use the `Mounts` argument and map specific schemes (e.g., http, https) to proxy instances, for more complex use cases.

```markdown
import httpx
client = httpx.Client(mounts={""http"": ""http://my-external-proxy.com:1234""})
client.get('http://example.com')
```

Please refer to the official HTTPX documentation for more details on the available configuration options."
What is the default limits for connection pooling?,medium,human,2,NO,4.64s,,"The default limits for connection pooling are:
```python
max_connections=100
max_keepalive_connections=20
keepalive_expiry=5
```
These values are defined in the `DEFAULT_LIMITS` constant at the top of [CODE - httpx\_config.py]."
Why does AsyncClient require an async context manager?,hard,human,2,NO,4.42s,,"The provided context does not explicitly state why AsyncClient requires an async context manager. However, it mentions ""Use `async with httpx.AsyncClient()` if you want a context-managed client..."" which implies that the context manager is used for connection pooling, a specific instance is reused, or for automatic cleaning of resources.

Therefore, based on the information given, I cannot provide a specific answer. The actual answer may be related to implementation details of `AsyncClient` which are not covered in the provided text."
Can I pass a custom SSL context?,medium,human,1,NO,4.59s,,"Yes, you can pass a custom SSL context.

This is supported by the `create_ssl_context` function in the `httpx_config.py` file, where you can pass custom parameters such as `verify`, `cert`, and `trust_env`.

You can also see examples of this in the provided documentation (`docs\advanced\ssl.md`), where custom SSL contexts are created and passed to the `httpx.Client` instance.

For example:

```python
ctx = ssl.create_default_context(cafile=""path/to/certs.pem"")
client = httpx.Client(verify=ctx)
```

Additionally, the `default.py` file shows an example where a custom SSL context is created and used in the `create_ssl_context` function:

```python
ssl_context = create_ssl_context(verify=verify, cert=cert, trust_env=trust_env)
```"
How do I mock HTTPX requests in pytest?,medium,human,2,NO,4.62s,,"You can use the `pytest-HTTPX` library, which provides a pytest fixture to mock HTTPX within test cases. 

Alternatively, you can use the `httpx.MockTransport` class to mock out HTTPX requests. Here's an example:

```python
def handler(request):
    return httpx.Response(200, json={""text"": ""Hello, world!""})


transport = httpx.MockTransport(handler)
client = httpx.Client(transport=transport)
```

Or, for asynchronous requests:

```python
async with httpx.AsyncClient(transport=httpx.MockTransport(app)) as client:
    with pytest.raises(httpx.ProtocolError):
        await client.get(url, auth=auth)
```"
Is it safe to share a Client across threads?,hard,human,2,NO,4.33s,,"No information is provided in the context about whether it's safe to share a Client across threads. However, the [Docs\async.md](http://docs\async.md) mentions the importance of not instantiating multiple client instances to get the most benefit from connection pooling, which may hint at thread-unsafety. It does not, however, directly address this."
What happens to cookies across redirects?,hard,human,Miss,NO,4.84s,,"Based on the provided context, the issue with cookies behavior on redirect requests was resolved as indicated in the changelog:

- Resolve an issue with cookies behavior on redirect requests. (Pull #529)

This change likely fixed a bug or improved the handling of cookies in scenarios involving multiple redirects.

However, the exact outcome of this fix (i.e., whether cookies persist, reset, or behave some other way across redirects) is not explicitly stated in the provided context.

The only related code snippet that mentions cookies and redirects is:

[CODE - tests\client\test_redirects.py]

def test_redirect_cookie_behavior():
    client = httpx.Client(
        transport=httpx.MockTransport(cookie_sessions), follow_redirects=True
    )

This test case seems to be related to the fix mentioned in the changelog, but its implementation is not provided, so we cannot infer the details of how cookies behave across redirects based solely on this information.

Therefore, without further context or information about the specifics of the issue being resolved, it is not possible to provide a more detailed answer to the question of what happens to cookies across redirects."
Does HTTPX automatically encode URL parameters?,easy,human,Miss,NO,4.97s,,"Based on the provided context, it appears HTTPX does not automatically encode URL parameters by default. 

There is an issue where HTTPX incorrectly encodes query parameters containing square brackets, and this was fixed by modifying the QueryParams encoder to preserve unquoted square brackets.

However, there is a test that shows HTTPX should escape parameters, specifically in the case of `test_param_requires_encoding`. 

Additionally, there is a note in the documentation about encoding URL parameters. This note does not describe any automatic encoding but explains the behavior of `httpx.URL` when working with query parameters. 

However, this information does not confirm how HTTPX is meant to work under normal behavior. 

In the provided test, a `httpx.URL` object is instantiated with a URL containing a parameter, and the assertion about the `str(url) == ""https://example.org:123/path/to/somewhere?a=123""` result, shows that the URL is not modified to encode the parameters. 

Therefore, it appears that HTTPX may not automatically encode URL parameters, although the documentation does not explicitly confirm this."
Can I stream file uploads?,medium,human,Miss,NO,4.88s,,"Yes, you can. It is safe to upload large files using multipart encoding and it is streaming by default, meaning that only one chunk will be loaded into memory at a time."
How do I define a custom retry strategy?,hard,human,Miss,NO,4.73s,,"Based on the provided context, I cannot find the information on how to define a custom retry strategy.

However, I can suggest that you may want to check the documentation of the `httpx-retries` package, as it is mentioned as a separate library for retrying HTTPX. The documentation can be found at <https://will-ockmore.github.io/httpx-retries/>, but unfortunately, I don't have the exact information on how to define a custom retry strategy.

Alternatively, you may want to check the source code of the `httpx-retries` package or check its issue tracker on GitHub for any relevant information or examples."
What is the difference between data and json kwargs?,easy,human,3,NO,4.53s,,"The provided context does not contain a clear explanation of the difference between `data` and `json` kwargs. There is a section about sending JSON encoded data in the documentation, and there is a `json` method defined in `httpx_models.py` for parsing JSON, but no explicit information on the difference between `data` and `json` kwargs is given.

However, based on the code in `httpx_urls.py`, it appears that `params` is used for form encoded data, while `kwargs[""query""]` is used for query string data. Additionally, for JSON encoded data, the `json` parameter is explicitly used in the URL generation, as shown in the documentation of `httpx_urls.py`.

To determine the exact difference between `data` and `json` kwargs, additional context or documentation would be required."
How do I send custom headers in every request?,easy,human,Miss,NO,4.86s,,"You can send custom headers in every request by creating an instance of `httpx.Client` and passing your custom headers to its constructor. However, the most accurate information can be retrieved from the `httpx_models.py` code.

In this code, we see that `self.headers` is being set using a combined value of `auto_headers + self.headers.raw`. This suggests that there is a `headers` attribute that can be used to set custom headers, but this should be used by a subclass of `httpx.Client` that also sets the `auto_headers`.

So the precise way to send custom headers in every request would be to create a subclass of `httpx.Client` and override the `headers` attribute:

```python
class CustomClient(httpx.Client):
    def __init__(self, *args, **kwargs):
        super().__init__(*args, **kwargs)
        self.headers = {'Custom-header': 'value'}
```

You can then use this `CustomClient` instance as you would with a regular `httpx.Client`."
Why might SSL verification fail specifically during a redirect even if the initial request succeeded?,hard,adversarial,Miss,NO,5.08s,,"Based on the provided context, there's a clue about an SSL case that was fixed in version 0.28.1 (6th December, 2024). 

According to the [DOC - CHANGELOG.md]:

## 0.28.1 (6th December, 2024)

* Fix SSL case where `verify=False` together with client side certificates.

This does not directly explain why SSL verification fails specifically during a redirect. However, given that the issue was fixed in a specific version and considering that redirects involve multiple HTTP requests, it's possible that the failure occurred due to a similar context. 

Without further information, it's challenging to provide a definitive answer.

However, there is another clue in [DOC - CHANGELOG.md] indicating that an issue was resolved regarding cookies behavior on redirect requests. 

According to the [DOC - CHANGELOG.md]:

### Fixed

- Resolve an issue with cookies behavior on redirect requests. (Pull #529)

This suggests that there might be some kind of connection or interaction between redirects and cookies behavior. Although this is still speculative, if there's an interaction between SSL verification and cookies, redirects could potentially trigger an SSL verification failure.

One possible explanation for the failure might be that cookies, or the redirect mechanism, triggered a request that had SSL verification set to `verify=False`, which would not validate the server's certificate. If the initial request initially succeeded using SSL verification set to `False`, then the redirect might have introduced new certificates that could not be verified.  This, however, is still purely speculative as without more information it is unclear."
"If I subclass AsyncClient and override send(), do I still benefit from connection pooling?",hard,adversarial,Miss,NO,4.95s,,"According to the provided context, there is no information on whether subclassing `AsyncClient` and overriding `send()` would still benefit from connection pooling. The warning in the doc about not instantiating multiple client instances is related to using `async with` inside a ""hot loop"", but it doesn't specifically address overriding `send()`.

However, if you look at the warning about getting the most benefit from connection pooling, the solution mentioned is using a single scoped client or a single global client instance. Overriding `send()` in a subclass might not be considered as instantiating multiple client instances as the solution does not specify any mechanism that is affected by method overrides such as this. However, since I am based on the context and can not provide information based on general knowledge, the answer to this is that the provided context does not explicitly confirm benefit from connection pooling in such a scenario."
How does the BaseTransport interface enforce the async/sync separation?,hard,adversarial,2,NO,4.53s,,"Based on the provided code and documentation, the BaseTransport interface does not explicitly enforce async/sync separation.

However, the interface defines two base classes, AsyncBaseTransport and BaseTransport, where:

- AsyncBaseTransport has an `__aenter__` method, meaning it can be used within an asynchronous context.
- BaseTransport does not appear to have any such indication it can be used within an asynchronous context.

Given that, while some transports extend AsyncBaseTransport (like AsyncHTTPTransport), others like MockTransport extend both AsyncBaseTransport and BaseTransport.

It seems that the transport interface relies on the implementation of async/sync separation, but does not enforce it strictly. Implementers are expected to ensure consistency in handling asynchronous or synchronous requests based on the transport subclass."
Can a single Client instance use both HTTP/1.1 and HTTP/2 simultaneously?,hard,adversarial,3,NO,4.82s,,"No, a single Client instance cannot use both HTTP/1.1 and HTTP/2 simultaneously. The documentation mentions that enabling HTTP/2 support on the client does not necessarily mean that requests and responses will be transported over HTTP/2, since both the client and the server need to support HTTP/2. If the client tries to connect to a server that only supports HTTP/1.1, the client will use a standard HTTP/1.1 connection instead.

Also, the documentation for the `httpx` client doesn't explicitly mention the possibility of using both HTTP/1.1 and HTTP/2 simultaneously. It mentions that enabling HTTP/2 support is typically more useful in async contexts if you're issuing lots of concurrent requests, but it doesn't suggest that a single instance can switch between HTTP/1.1 and HTTP/2."
What happens if a response is streamed but the server drops the connection mid-stream?,hard,adversarial,Miss,NO,4.61s,,The context does not contain information about what happens to the connection if the server drops it mid-stream while the response is being streamed.
Is it possible to pass a raw socket to HTTPX instead of a URL?,hard,adversarial,Miss,NO,5.08s,,"No, based on the provided context, it is not possible to pass a raw socket to HTTPX directly. The context shows the use of `httpx.URL` to create a URL object, and the use of `Transport` which seems to be an HTTP transport implementation, but not a raw socket.

However, HTTPX does support SOCKS proxies, and it's possible to create a connection to a remote server through a SOCKS proxy by using a specific transport. But passing a raw socket directly doesn't seem to be a valid use case based on the provided context.

Here are a few examples from the context of how HTTPX handles connections:

- `client._transport_for_url(httpx.URL(url))`: uses a URL object to get the transport for the connection
- `httpx.Client(transport=transport)`: passes a Transport object directly
- `httpx.URL(""https://[::ffff:192.168.0.1]"")`: creates a URL object from a string representation of a URL

None of these examples pass a raw socket directly to HTTPX."
How does HTTPX prevent memory exhaustion when downloading a 10GB file?,hard,adversarial,Miss,NO,4.35s,,Context does not contain specific information on how HTTPX prevents memory exhaustion when downloading a large file.
"If I set follow_redirects=True, how does HTTPX prevent infinite redirect loops?",hard,adversarial,Miss,NO,4.76s,,"The context does not explicitly mention how HTTPX prevents infinite redirect loops when `follow_redirects=True`. However, it does contain a reference to an issue where a change in redirect loop detection was fixed, indicating that it was previously implemented in some form.

But, according to the `httpx_models.py` code snippet, when `follow_redirects=False` and a redirect is received, the client will set `response.next_request`. Although, it does not directly state how this prevents infinite redirect loops when `follow_redirects=True`, but the `test_redirect_loop()` test function in `test_redirects.py` suggests that HTTPX raises a `httpx.TooManyRedirects` exception when a redirect loop is detected.

Therefore, we can conclude that HTTPX prevents infinite redirect loops when `follow_redirects=True` by detecting and raising a `httpx.TooManyRedirects` exception after a certain number of redirects, as shown in the `test_redirect_loop()` test function."
